{"cameraMode":{"drawMode":0,"name":"Shaded","section":"Shading Mode"},"sceneLighting":true,"audioPlay":false,"sceneViewState":{"m_AlwaysRefresh":false,"showFog":true,"showSkybox":true,"showFlares":true,"showImageEffects":true,"showParticleSystems":true,"showVisualEffectGraphs":true,"m_FxEnabled":true},"in2DMode":false,"pivot":{"x":0.8148158192634583,"y":0.605426013469696,"z":1.6021368503570557},"rotation":{"x":-0.030645685270428659,"y":0.9691600799560547,"z":-0.1826823502779007,"w":-0.1625729352235794},"size":0.005963607225567102,"orthographic":false}